86019,'Rustic Steel Pants','lorem ispum tata',394
60384,'Refined Fresh Hat','lorem ispum tata',796
82831,'Practical Soft Gloves','lorem ispum tata',599
47077,'Rustic Frozen Towels','lorem ispum tata',880
89228,'Generic Cotton Chips','lorem ispum tata',606
95081,'Gorgeous Granite Tuna','lorem ispum tata',322
5738,'Licensed Plastic Pizza','lorem ispum tata',318
37151,'Gorgeous Steel Towels','lorem ispum tata',1000
38806,'Tasty Wooden Sausages','lorem ispum tata',691
84251,'Handmade Steel Ball','lorem ispum tata',202
28467,'Tasty Wooden Chair','lorem ispum tata',847
73875,'Small Cotton Gloves','lorem ispum tata',190
68109,'Rustic Plastic Hat','lorem ispum tata',60
80867,'Ergonomic Rubber Mouse','lorem ispum tata',537
83986,'Generic Rubber Cheese','lorem ispum tata',902
2162,'Incredible Metal Cheese','lorem ispum tata',326
23650,'Sleek Steel Salad','lorem ispum tata',57
9190,'Unbranded Rubber Ball','lorem ispum tata',368
36158,'Unbranded Soft Tuna','lorem ispum tata',535
41318,'Refined Concrete Car','lorem ispum tata',522
36669,'Refined Frozen Towels','lorem ispum tata',270
8558,'Unbranded Rubber Shirt','lorem ispum tata',964
84999,'Refined Metal Sausages','lorem ispum tata',512
50576,'Tasty Steel Shoes','lorem ispum tata',825
54669,'Practical Cotton Bike','lorem ispum tata',457
41845,'Handcrafted Granite Mouse','lorem ispum tata',877
80022,'Awesome Cotton Pants','lorem ispum tata',924
37083,'Gorgeous Cotton Salad','lorem ispum tata',993
48227,'Sleek Plastic Pizza','lorem ispum tata',755
41998,'Gorgeous Granite Fish','lorem ispum tata',963
58520,'Incredible Concrete Hat','lorem ispum tata',679
64755,'Incredible Plastic Towels','lorem ispum tata',924
11665,'Fantastic Frozen Pizza','lorem ispum tata',604
69502,'Handcrafted Cotton Keyboard','lorem ispum tata',353
57030,'Refined Metal Bacon','lorem ispum tata',453
