0,'Handmade Rubber Cheese','lorem ispum tata',78
1,'Gorgeous Cotton Sausages','lorem ispum tata',164
2,'Sleek Wooden Chips','lorem ispum tata',747
3,'Rustic Fresh Towels','lorem ispum tata',643
4,'Rustic Wooden Shoes','lorem ispum tata',445
5,'Sleek Soft Pants','lorem ispum tata',151
6,'Generic Wooden Chips','lorem ispum tata',445
7,'Small Soft Shirt','lorem ispum tata',646
8,'Handmade Frozen Tuna','lorem ispum tata',491
9,'Tasty Steel Fish','lorem ispum tata',110
10,'Generic Fresh Sausages','lorem ispum tata',904
11,'Ergonomic Frozen Towels','lorem ispum tata',854
12,'Awesome Rubber Pizza','lorem ispum tata',588
13,'Rustic Steel Salad','lorem ispum tata',838
14,'Handcrafted Concrete Keyboard','lorem ispum tata',236
15,'Sleek Fresh Hat','lorem ispum tata',630
16,'Ergonomic Steel Shoes','lorem ispum tata',630
17,'Unbranded Granite Chips','lorem ispum tata',177
18,'Handcrafted Steel Chair','lorem ispum tata',545
19,'Refined Metal Mouse','lorem ispum tata',872
20,'Incredible Plastic Bike','lorem ispum tata',93
21,'Gorgeous Soft Tuna','lorem ispum tata',342
22,'Generic Wooden Soap','lorem ispum tata',727
23,'Sleek Concrete Tuna','lorem ispum tata',637
24,'Ergonomic Rubber Hat','lorem ispum tata',530
25,'Awesome Granite Bacon','lorem ispum tata',118
26,'Handcrafted Plastic Car','lorem ispum tata',707
27,'Tasty Concrete Hat','lorem ispum tata',761
28,'Unbranded Cotton Shirt','lorem ispum tata',631
29,'Sleek Steel Table','lorem ispum tata',513
30,'Handcrafted Frozen Towels','lorem ispum tata',485
31,'Practical Wooden Chips','lorem ispum tata',624
32,'Refined Cotton Shirt','lorem ispum tata',919
33,'Licensed Rubber Mouse','lorem ispum tata',987
34,'Fantastic Fresh Soap','lorem ispum tata',213
35,'Rustic Steel Mouse','lorem ispum tata',637
36,'Gorgeous Concrete Hat','lorem ispum tata',831
37,'Ergonomic Cotton Salad','lorem ispum tata',883
38,'Tasty Granite Chair','lorem ispum tata',395
39,'Handcrafted Wooden Chicken','lorem ispum tata',356
40,'Refined Cotton Pizza','lorem ispum tata',552
41,'Sleek Soft Table','lorem ispum tata',492
42,'Tasty Metal Hat','lorem ispum tata',480
43,'Handcrafted Soft Computer','lorem ispum tata',317
44,'Gorgeous Fresh Pants','lorem ispum tata',473
45,'Rustic Frozen Bike','lorem ispum tata',738
46,'Awesome Steel Salad','lorem ispum tata',389
47,'Gorgeous Steel Bike','lorem ispum tata',513
48,'Rustic Plastic Towels','lorem ispum tata',942
49,'Rustic Granite Table','lorem ispum tata',459
50,'Rustic Concrete Shoes','lorem ispum tata',981
51,'Sleek Concrete Computer','lorem ispum tata',714
52,'Tasty Concrete Chips','lorem ispum tata',615
53,'Ergonomic Wooden Keyboard','lorem ispum tata',956
54,'Handcrafted Cotton Keyboard','lorem ispum tata',476
55,'Handcrafted Metal Fish','lorem ispum tata',581
56,'Tasty Frozen Towels','lorem ispum tata',128
57,'Small Fresh Sausages','lorem ispum tata',149
58,'Refined Metal Computer','lorem ispum tata',338
59,'Handcrafted Concrete Cheese','lorem ispum tata',734
60,'Small Concrete Chips','lorem ispum tata',36
61,'Handcrafted Steel Chair','lorem ispum tata',461
62,'Rustic Soft Chair','lorem ispum tata',589
63,'Awesome Granite Pizza','lorem ispum tata',101
64,'Rustic Plastic Hat','lorem ispum tata',729
65,'Awesome Fresh Keyboard','lorem ispum tata',645
66,'Intelligent Metal Keyboard','lorem ispum tata',903
67,'Awesome Wooden Keyboard','lorem ispum tata',87
68,'Intelligent Plastic Mouse','lorem ispum tata',862
69,'Handmade Plastic Chicken','lorem ispum tata',657
70,'Rustic Wooden Chair','lorem ispum tata',603
71,'Small Metal Computer','lorem ispum tata',741
72,'Sleek Granite Sausages','lorem ispum tata',860
73,'Rustic Granite Fish','lorem ispum tata',301
74,'Intelligent Soft Bacon','lorem ispum tata',434
75,'Fantastic Rubber Ball','lorem ispum tata',385
76,'Handcrafted Concrete Fish','lorem ispum tata',556
77,'Licensed Rubber Cheese','lorem ispum tata',589
78,'Incredible Frozen Mouse','lorem ispum tata',816
79,'Small Soft Cheese','lorem ispum tata',405
80,'Gorgeous Cotton Ball','lorem ispum tata',935
81,'Intelligent Cotton Computer','lorem ispum tata',590
82,'Gorgeous Concrete Computer','lorem ispum tata',449
83,'Awesome Granite Chicken','lorem ispum tata',549
84,'Incredible Soft Shirt','lorem ispum tata',269
85,'Tasty Plastic Bike','lorem ispum tata',301
86,'Handmade Cotton Salad','lorem ispum tata',129
87,'Tasty Cotton Cheese','lorem ispum tata',518
88,'Fantastic Rubber Tuna','lorem ispum tata',881
89,'Handcrafted Granite Towels','lorem ispum tata',383
90,'Rustic Cotton Tuna','lorem ispum tata',61
91,'Unbranded Concrete Sausages','lorem ispum tata',609
92,'Incredible Rubber Chicken','lorem ispum tata',539
93,'Rustic Soft Chips','lorem ispum tata',428
94,'Sleek Fresh Mouse','lorem ispum tata',309
95,'Generic Plastic Cheese','lorem ispum tata',720
96,'Unbranded Steel Gloves','lorem ispum tata',634
97,'Handcrafted Cotton Pizza','lorem ispum tata',609
98,'Intelligent Cotton Chair','lorem ispum tata',251
99,'Sleek Concrete Mouse','lorem ispum tata',228
